first_name,last_name,email,gender,age,package_id,product_id
Katine,Cuncliffe,kcuncliffe0@reddit.com,Female,74,family,life
Jamey,Ebbing,jebbing1@g.co,Male,51,domestic,funeral
Louella,Vasse,lvasse2@nhs.uk,Female,53,domestic,disability
Zeke,Revens,zrevens3@weibo.com,Male,51,domestic,life
Mahmoud,Back,mback4@omniture.com,Male,55,family,funeral
Fedora,Medina,fmedina5@msn.com,Female,70,family,disability
Arlin,De Antoni,adeantoni6@examiner.com,Male,60,domestic,life
Alvin,O'Cahill,aocahill7@myspace.com,Male,58,domestic,funeral
Sergei,Linger,slinger8@lulu.com,Male,59,family,disability
Humfrid,Kisbey,hkisbey9@princeton.edu,Male,25,family,life
Imojean,Heinritz,iheinritza@squarespace.com,Female,53,family,funeral
Cyrill,Mulholland,cmulhollandb@ezinearticles.com,Male,65,family,disability
Sutherlan,Garstan,sgarstanc@narod.ru,Male,46,family,life
Robbie,Pretley,rpretleyd@elpais.com,Male,72,family,funeral
Laurie,Tyrone,ltyronee@auda.org.au,Male,32,domestic,disability
Deidre,Smithend,dsmithendf@ameblo.jp,Female,31,domestic,life
Willy,Badwick,wbadwickg@tiny.cc,Male,29,domestic,funeral
Babbie,Culleford,bcullefordh@wisc.edu,Female,32,domestic,disability
Meta,Pleasants,mpleasantsi@chicagotribune.com,Female,38,family,life
Sasha,Sealey,ssealeyj@usgs.gov,Male,27,domestic,funeral
Magdaia,Spellissy,mspellissyk@imgur.com,Female,27,domestic,disability
Papageno,Chalke,pchalkel@skype.com,Male,42,domestic,life
Avigdor,Murtagh,amurtaghm@wiley.com,Male,64,family,funeral
Monika,Yakovlev,myakovlevn@discuz.net,Female,73,family,disability
Lee,Floris,lfloriso@miitbeian.gov.cn,Female,73,family,life
Chaddy,Kaye,ckayep@jalbum.net,Male,70,family,funeral
Mitch,Traske,mtraskeq@state.gov,Male,57,domestic,disability
Josefa,Odams,jodamsr@diigo.com,Female,54,family,life
Henrie,Colston,hcolstons@mac.com,Female,73,domestic,funeral
Isa,Cathie,icathiet@ocn.ne.jp,Male,27,family,disability
Orren,Viccary,oviccaryu@cornell.edu,Male,68,family,life
Rolland,O'Lenane,rolenanev@elegantthemes.com,Male,59,domestic,funeral
Issy,Axcel,iaxcelw@house.gov,Female,63,family,disability
Venita,Menci,vmencix@eepurl.com,Female,56,domestic,life
Brose,Saunt,bsaunty@artisteer.com,Male,49,family,funeral
Keene,Tschiersch,ktschierschz@shinystat.com,Male,45,domestic,disability
Hy,Mungan,hmungan10@51.la,Male,64,domestic,life
Moore,Rogan,mrogan11@sbwire.com,Male,55,domestic,funeral
Gregorio,Reubbens,greubbens12@blog.com,Male,69,domestic,disability
Rickard,Wellen,rwellen13@skype.com,Male,55,family,life
Meghann,Satyford,msatyford14@trellian.com,Female,18,family,funeral
Celesta,Cooksley,ccooksley15@skype.com,Female,27,family,disability
Conan,Mabon,cmabon16@eventbrite.com,Male,27,domestic,life
Erasmus,Claypole,eclaypole17@cpanel.net,Male,52,domestic,funeral
Prescott,Townson,ptownson18@wunderground.com,Male,46,family,disability
Dawna,O'Donovan,dodonovan19@npr.org,Female,34,family,life
Ciel,Govan,cgovan1a@g.co,Female,20,family,funeral
Cynthy,Thresher,cthresher1b@cnbc.com,Female,43,family,disability
Pauletta,Cayser,pcayser1c@webmd.com,Female,29,family,life
Ella,Studdeard,estuddeard1d@edublogs.org,Female,73,family,funeral
Georgetta,Whitebread,gwhitebread1e@noaa.gov,Female,19,family,disability
Mel,Sertin,msertin1f@scribd.com,Male,23,family,life
Rooney,Fillery,rfillery1g@amazon.co.uk,Male,72,family,funeral
Mohandas,Inkles,minkles1h@list-manage.com,Male,61,domestic,disability
Denis,Autry,dautry1i@geocities.jp,Male,69,family,life
Brett,Sparkwill,bsparkwill1j@4shared.com,Male,30,family,funeral
Lilas,Joney,ljoney1k@tuttocitta.it,Female,43,domestic,disability
Jacklyn,Eagleton,jeagleton1l@answers.com,Female,23,domestic,life
Sandra,Lebbon,slebbon1m@reuters.com,Female,39,family,funeral
Miquela,Nelsen,mnelsen1n@nationalgeographic.com,Female,69,family,disability
Jewelle,Kinner,jkinner1o@w3.org,Female,75,family,life
Leopold,Whitelock,lwhitelock1p@digg.com,Male,74,domestic,funeral
Rosalia,Sommer,rsommer1q@comsenz.com,Female,40,domestic,disability
Pierson,Lushey,plushey1r@imdb.com,Male,47,domestic,life
Hadley,Lestrange,hlestrange1s@desdev.cn,Male,74,family,funeral
Janie,Lawler,jlawler1t@behance.net,Female,73,domestic,disability
Joyan,Kinningley,jkinningley1u@taobao.com,Female,32,domestic,life
Lucho,Shellsheere,lshellsheere1v@google.com,Male,25,family,funeral
Jeramey,Sainte Paul,jsaintepaul1w@quantcast.com,Male,35,family,disability
Corabella,Baguley,cbaguley1x@shareasale.com,Female,47,family,life
Brynna,Rudd,brudd1y@hubpages.com,Female,22,domestic,funeral
Brendis,Romagnosi,bromagnosi1z@ft.com,Male,34,domestic,disability
Beatrisa,Findlay,bfindlay20@over-blog.com,Female,40,family,life
Cordy,Pymm,cpymm21@twitter.com,Male,37,family,funeral
Fanchon,Idiens,fidiens22@histats.com,Female,28,family,disability
Abe,Miner,aminer23@pinterest.com,Male,58,domestic,life
Dudley,Garvey,dgarvey24@macromedia.com,Male,28,family,funeral
Coralie,Bransom,cbransom25@ow.ly,Female,69,family,disability
Lyle,Schneidar,lschneidar26@networkadvertising.org,Male,24,domestic,life
Ari,Santacrole,asantacrole27@mapquest.com,Male,36,family,funeral
Kahlil,Clarkin,kclarkin28@timesonline.co.uk,Male,64,family,disability
Guendolen,Dowson,gdowson29@state.tx.us,Female,61,family,life
Arlina,Mitchley,amitchley2a@symantec.com,Female,47,domestic,funeral
Chadwick,Isles,cisles2b@gizmodo.com,Male,56,family,disability
Wyatt,Stoven,wstoven2c@fotki.com,Male,53,family,life
Rodolph,Hiorn,rhiorn2d@cocolog-nifty.com,Male,20,domestic,funeral
Crin,Simonnot,csimonnot2e@domainmarket.com,Female,48,domestic,disability
Rochelle,Jilkes,rjilkes2f@netscape.com,Female,47,family,life
Bard,Bengtsen,bbengtsen2g@stumbleupon.com,Male,56,family,funeral
Nonnah,Ickovic,nickovic2h@bluehost.com,Female,45,domestic,disability
Dagny,Attwool,dattwool2i@zimbio.com,Male,27,domestic,life
Orel,Vinas,ovinas2j@businessinsider.com,Female,24,domestic,funeral
Frankie,Scales,fscales2k@arizona.edu,Male,65,domestic,disability
Milli,Blackstone,mblackstone2l@so-net.ne.jp,Female,67,family,life
Leighton,Selvester,lselvester2m@techcrunch.com,Male,48,family,funeral
Pietrek,Tiesman,ptiesman2n@economist.com,Male,23,family,disability
Grace,Maplesden,gmaplesden2o@cpanel.net,Male,27,family,life
Evanne,Suermeiers,esuermeiers2p@bbc.co.uk,Female,67,domestic,funeral
Basia,Geertz,bgeertz2q@odnoklassniki.ru,Female,19,domestic,disability
Noel,Gwynn,ngwynn2r@discuz.net,Male,32,family,life
Johannes,Graalman,jgraalman2s@addthis.com,Male,21,domestic,funeral
Pavia,Ingilson,pingilson2t@state.gov,Female,47,domestic,disability
Ula,Fruchon,ufruchon2u@google.com,Female,31,family,life
Reed,Gorini,rgorini2v@oaic.gov.au,Male,45,family,funeral
Ambros,Sconce,asconce2w@imdb.com,Male,55,family,disability
Brodie,Geddes,bgeddes2x@quantcast.com,Male,53,domestic,life
Liesa,Wackley,lwackley2y@techcrunch.com,Female,29,domestic,funeral
Bord,Mewitt,bmewitt2z@ihg.com,Male,57,family,disability
Anica,Cruddas,acruddas30@aol.com,Female,20,domestic,life
Candace,Simenot,csimenot31@odnoklassniki.ru,Female,53,family,funeral
Phillipp,Whitely,pwhitely32@utexas.edu,Male,19,family,disability
Mateo,Boor,mboor33@dion.ne.jp,Male,46,family,life
Elonore,Spykings,espykings34@dion.ne.jp,Female,52,family,funeral
Wes,Maddyson,wmaddyson35@indiatimes.com,Male,61,domestic,disability
Alta,Stoppe,astoppe36@posterous.com,Female,56,domestic,life
Janaye,Rizzardini,jrizzardini37@google.es,Female,19,domestic,funeral
Harlen,Goforth,hgoforth38@nifty.com,Male,73,domestic,disability
Stanton,Linger,slinger39@sfgate.com,Male,22,domestic,life
Ephraim,Cawt,ecawt3a@statcounter.com,Male,47,domestic,funeral
Eldredge,MacConneely,emacconneely3b@bbb.org,Male,35,family,disability
Graehme,Schooling,gschooling3c@reddit.com,Male,29,domestic,life
Scarface,Caddy,scaddy3d@shop-pro.jp,Male,66,family,funeral
Frederick,Eglaise,feglaise3e@ucoz.com,Male,47,domestic,disability
Joice,Skahill,jskahill3f@chronoengine.com,Female,62,domestic,life
Arney,Cruess,acruess3g@networksolutions.com,Male,19,family,funeral
Wallie,Carvilla,wcarvilla3h@walmart.com,Female,55,domestic,disability
Abey,Spooner,aspooner3i@fastcompany.com,Male,46,domestic,life
Ettie,Goodoune,egoodoune3j@fotki.com,Female,66,family,funeral
Catina,Mularkey,cmularkey3k@businesswire.com,Female,40,domestic,disability
Inglebert,Keuntje,ikeuntje3l@gnu.org,Male,33,domestic,life
Rosalia,Sinnat,rsinnat3m@infoseek.co.jp,Female,48,domestic,funeral
Sigismond,Baroche,sbaroche3n@oracle.com,Male,71,domestic,disability
Kale,Haxell,khaxell3o@infoseek.co.jp,Male,54,domestic,life
Boote,Whatling,bwhatling3p@g.co,Male,63,family,funeral
Mickie,Branche,mbranche3q@ameblo.jp,Female,39,family,disability
Jacquie,Lavell,jlavell3r@technorati.com,Female,66,domestic,life
Hedwiga,Gueste,hgueste3s@skyrock.com,Female,37,domestic,funeral
Karel,Beldham,kbeldham3t@msu.edu,Male,47,family,disability
Sharleen,Worlock,sworlock3u@walmart.com,Female,30,family,life
Kym,Hawsby,khawsby3v@accuweather.com,Female,72,domestic,funeral
Marguerite,Camings,mcamings3w@over-blog.com,Female,25,domestic,disability
Noah,Tramel,ntramel3x@jigsy.com,Male,49,domestic,life
Aurelia,Stonner,astonner3y@hexun.com,Female,40,family,funeral
Dominique,Slowey,dslowey3z@bbb.org,Male,25,family,disability
Sidney,McKeag,smckeag40@census.gov,Male,43,domestic,life
Anny,Ebrall,aebrall41@youku.com,Female,45,domestic,funeral
Rikki,Tootell,rtootell42@va.gov,Female,20,family,disability
Gris,Pyner,gpyner43@cbc.ca,Male,75,domestic,life
Jannelle,Snoxell,jsnoxell44@icq.com,Female,19,family,funeral
Oby,Sarten,osarten45@icio.us,Male,70,family,disability
Bradan,Cambell,bcambell46@pagesperso-orange.fr,Male,52,family,life
Carlye,Gosdin,cgosdin47@oakley.com,Female,35,domestic,funeral
Beltran,Sleath,bsleath48@spiegel.de,Male,46,family,disability
Eleanor,Evangelinos,eevangelinos49@diigo.com,Female,28,family,life
Hendrik,Balma,hbalma4a@google.es,Male,28,domestic,funeral
Willis,Gillmore,wgillmore4b@google.fr,Male,70,family,disability
Alessandro,Sowle,asowle4c@hugedomains.com,Male,41,domestic,life
Wash,O'Hingerty,wohingerty4d@tripod.com,Male,23,family,funeral
Otha,Acres,oacres4e@dailymotion.com,Female,67,domestic,disability
Reuben,Apark,rapark4f@miibeian.gov.cn,Male,30,domestic,life
Hamnet,Pointing,hpointing4g@unblog.fr,Male,64,family,funeral
Caroljean,Hugill,chugill4h@livejournal.com,Female,66,domestic,disability
Justin,Lapworth,jlapworth4i@sohu.com,Male,21,domestic,life
Robina,Orridge,rorridge4j@stanford.edu,Female,60,family,funeral
Margaretta,Hamblen,mhamblen4k@surveymonkey.com,Female,73,family,disability
Rodrick,Bleibaum,rbleibaum4l@360.cn,Male,22,family,life
Agathe,Cottom,acottom4m@ca.gov,Female,61,domestic,funeral
Ebonee,Crollman,ecrollman4n@squidoo.com,Female,74,family,disability
Charley,Seaborn,cseaborn4o@ustream.tv,Male,45,domestic,life
Hettie,Callcott,hcallcott4p@illinois.edu,Female,38,domestic,funeral
Anjela,Braham,abraham4q@ft.com,Female,40,domestic,disability
Skipp,Calow,scalow4r@friendfeed.com,Male,43,family,life
Eulalie,Burd,eburd4s@loc.gov,Female,49,domestic,funeral
Tamma,Burland,tburland4t@yellowbook.com,Female,63,family,disability
Layney,Alfwy,lalfwy4u@fotki.com,Female,54,family,life
Foss,Cockshut,fcockshut4v@a8.net,Male,39,family,funeral
Tandy,Antognoni,tantognoni4w@ox.ac.uk,Female,46,family,disability
Frazier,Strothers,fstrothers4x@com.com,Male,33,family,life
Binni,Vern,bvern4y@taobao.com,Female,56,domestic,funeral
Bendicty,Vell,bvell4z@infoseek.co.jp,Male,26,family,disability
Timoteo,Cay,tcay50@earthlink.net,Male,37,domestic,life
Ruttger,Mordaunt,rmordaunt51@answers.com,Male,59,family,funeral
Erhard,Sibray,esibray52@unc.edu,Male,41,domestic,disability
Isidore,Bools,ibools53@dailymotion.com,Male,61,family,life
Bennie,Horbart,bhorbart54@si.edu,Female,75,domestic,funeral
Abbott,Pettingall,apettingall55@php.net,Male,72,domestic,disability
Brigitta,Blaydes,bblaydes56@webeden.co.uk,Female,35,family,life
Fina,Jodlkowski,fjodlkowski57@slate.com,Female,27,family,funeral
Trent,Gonnelly,tgonnelly58@deviantart.com,Male,27,family,disability
Bealle,McTavish,bmctavish59@npr.org,Male,63,domestic,life
Evelyn,Petticrow,epetticrow5a@sina.com.cn,Male,38,family,funeral
Margarita,Gubbins,mgubbins5b@ezinearticles.com,Female,72,family,disability
Alastair,Bullene,abullene5c@columbia.edu,Male,66,domestic,life
Melony,Ceschelli,mceschelli5d@adobe.com,Female,69,family,funeral
Tarrah,Ales0,tales5e@51.la,Female,66,domestic,disability
Wendell,Haborn,whaborn5f@about.com,Male,19,domestic,life
Howie,MacGregor,hmacgregor5g@japanpost.jp,Male,60,domestic,funeral
Emyle,Auckland,eauckland5h@tripadvisor.com,Female,63,domestic,disability
Marna,Laidlow,mlaidlow5i@last.fm,Female,38,domestic,life
Malcolm,Lazell,mlazell5j@comcast.net,Male,25,family,funeral
Smith,Baggiani,sbaggiani5k@dmoz.org,Male,54,domestic,disability
Galen,Highnam,ghighnam5l@parallels.com,Male,18,domestic,life
Brennan,Howles,bhowles5m@xrea.com,Male,36,family,funeral
Lottie,Victor,lvictor5n@sfgate.com,Female,47,family,disability
Brooks,Shale,bshale5o@ft.com,Male,44,domestic,life
Averil,Jocelyn,ajocelyn5p@amazonaws.com,Male,65,family,funeral
Elset,Collymore,ecollymore5q@jigsy.com,Female,32,family,disability
Rollin,Border,rborder5r@state.tx.us,Male,48,family,life
Gav,Sheavills,gsheavills5s@apple.com,Male,46,domestic,funeral
Preston,Lauxmann,plauxmann5t@about.me,Male,48,domestic,disability
Kris,Justun,kjustun5u@wsj.com,Female,67,family,life
Stefan,Phaup,sphaup5v@geocities.com,Male,69,domestic,funeral
Charmion,Mcettrick,cmcettrick5w@studiopress.com,Female,45,family,disability
Denise,Houlridge,dhoulridge5x@omniture.com,Female,24,family,life
Pamelina,Diperaus,pdiperaus5y@forbes.com,Female,50,domestic,funeral
Tiler,Gallamore,tgallamore5z@youtu.be,Male,28,domestic,disability
Burty,Havvock,bhavvock60@histats.com,Male,74,domestic,life
Mead,Pozzi,mpozzi61@guardian.co.uk,Male,43,domestic,funeral
Rani,Beneix,rbeneix62@spiegel.de,Female,43,family,disability
Tate,Tesmond,ttesmond63@sogou.com,Male,20,domestic,life
Veronika,McPhelim,vmcphelim64@devhub.com,Female,22,family,funeral
Ingemar,Wittering,iwittering65@arstechnica.com,Male,74,domestic,disability
Bertina,Petrasch,bpetrasch66@addthis.com,Female,43,family,life
Rolph,Gatrill,rgatrill67@bloglines.com,Male,66,domestic,funeral
Louise,Dumberell,ldumberell68@wiley.com,Female,71,family,disability
Mildred,Von Gladbach,mvongladbach69@europa.eu,Female,66,domestic,life
Chrotoem,Dorsey,cdorsey6a@addtoany.com,Male,62,family,funeral
Gretchen,Matten,gmatten6b@bluehost.com,Female,75,domestic,disability
Holly,Poluzzi,hpoluzzi6c@xinhuanet.com,Male,57,family,life
Salomone,Vogelein,svogelein6d@wiley.com,Male,62,family,funeral
Ranice,Duffy,rduffy6e@bbc.co.uk,Female,64,domestic,disability
Nowell,Recher,nrecher6f@squidoo.com,Male,31,domestic,life
Boone,O' Brian,bobrian6g@multiply.com,Male,46,domestic,funeral
Gerek,Lown,glown6h@toplist.cz,Male,25,domestic,disability
Jamie,Seville,jseville6i@g.co,Male,23,family,life
Waldon,Quayle,wquayle6j@microsoft.com,Male,43,family,funeral
Cassie,Winfred,cwinfred6k@squarespace.com,Female,59,domestic,disability
Frieda,Tames,ftames6l@1und1.de,Female,43,domestic,life
Calida,End,cend6m@admin.ch,Female,18,family,funeral
Agnese,Trembath,atrembath6n@elpais.com,Female,43,domestic,disability
Tremaine,Diprose,tdiprose6o@google.fr,Male,31,domestic,life
Georgianna,Pickaver,gpickaver6p@bizjournals.com,Female,25,domestic,funeral
Alexi,Muckian,amuckian6q@prnewswire.com,Female,23,family,disability
Gifford,Shambrooke,gshambrooke6r@hugedomains.com,Male,23,family,life
Kate,Toombs,ktoombs6s@arstechnica.com,Female,33,family,funeral
Addie,Hoodless,ahoodless6t@wiley.com,Male,64,domestic,disability
Sibilla,Marvel,smarvel6u@newyorker.com,Female,59,family,life
Gabbey,Torbard,gtorbard6v@g.co,Female,41,domestic,funeral
Vania,Peele,vpeele6w@latimes.com,Female,72,domestic,disability
Kimmy,Overbury,koverbury6x@tinypic.com,Female,42,family,life
Pancho,Townley,ptownley6y@omniture.com,Male,23,family,funeral
Cheston,Verduin,cverduin6z@bandcamp.com,Male,26,family,disability
Frasier,Praton,fpraton70@vk.com,Male,32,family,life
Cass,Gayter,cgayter71@cloudflare.com,Female,62,family,funeral
Aldous,Varsey,avarsey72@google.com.br,Male,35,domestic,disability
Gretal,Kemmis,gkemmis73@mapy.cz,Female,22,domestic,life
Wally,Matzaitis,wmatzaitis74@istockphoto.com,Female,41,family,funeral
Averell,Hadcroft,ahadcroft75@boston.com,Male,38,domestic,disability
Amara,Sudworth,asudworth76@over-blog.com,Female,32,domestic,life
Barn,Welland,bwelland77@omniture.com,Male,39,family,funeral
Zachariah,Stean,zstean78@domainmarket.com,Male,23,family,disability
Teodorico,Micklem,tmicklem79@vimeo.com,Male,33,family,life
Rhea,Fishley,rfishley7a@shop-pro.jp,Female,38,family,funeral
Matti,Handrik,mhandrik7b@intel.com,Female,60,family,disability
Toby,Syversen,tsyversen7c@istockphoto.com,Male,43,domestic,life
Vinny,Caw,vcaw7d@reuters.com,Female,53,domestic,funeral
Mose,Josselson,mjosselson7e@imageshack.us,Male,45,domestic,disability
Raina,Ickovits,rickovits7f@salon.com,Female,58,domestic,life
Wilow,Bimrose,wbimrose7g@ezinearticles.com,Female,20,domestic,funeral
Iggie,McEntagart,imcentagart7h@twitpic.com,Male,75,family,disability
Babara,Bleesing,bbleesing7i@amazonaws.com,Female,28,family,life
Dulsea,Bromont,dbromont7j@tamu.edu,Female,38,domestic,funeral
Michele,Kirk,mkirk7k@dion.ne.jp,Male,62,family,disability
Ignacius,Bottleson,ibottleson7l@vk.com,Male,35,domestic,life
Lind,Creboe,lcreboe7m@bloomberg.com,Female,58,family,funeral
Yvor,Blackleech,yblackleech7n@goo.ne.jp,Male,31,family,disability
Huey,Capineer,hcapineer7o@tripadvisor.com,Male,69,family,life
Eachelle,McIlory,emcilory7p@cnet.com,Female,30,family,funeral
Pandora,Fillan,pfillan7q@myspace.com,Female,52,domestic,disability
Ulrich,Harget,uharget7r@harvard.edu,Male,61,domestic,life
Carilyn,Eastbrook,ceastbrook7s@google.co.jp,Female,25,family,funeral
Henderson,Aneley,haneley7t@java.com,Male,18,domestic,disability
Shaylynn,Kittel,skittel7u@census.gov,Female,58,domestic,life
Flory,Hunnable,fhunnable7v@scientificamerican.com,Male,33,family,funeral
Guillaume,Diglin,gdiglin7w@reverbnation.com,Male,43,family,disability
Ailene,Bridewell,abridewell7x@woothemes.com,Female,35,domestic,life
Oliver,Sheaf,osheaf7y@sourceforge.net,Male,40,family,funeral
Lonnie,Willstrop,lwillstrop7z@unesco.org,Male,61,family,disability
Barron,Peoples,bpeoples80@sohu.com,Male,48,domestic,life
Jewell,Vautrey,jvautrey81@chicagotribune.com,Female,53,domestic,funeral
Janith,Lelievre,jlelievre82@hc360.com,Female,42,family,disability
Lamont,Jewis,ljewis83@oracle.com,Male,35,family,life
Godiva,Molfino,gmolfino84@paginegialle.it,Female,67,family,funeral
Bell,Sprigg,bsprigg85@shop-pro.jp,Female,70,family,disability
Herbie,Jordine,hjordine86@hugedomains.com,Male,20,domestic,life
Brew,Van Niekerk,bvanniekerk87@miibeian.gov.cn,Male,45,family,funeral
Dasie,Affleck,daffleck88@accuweather.com,Female,51,domestic,disability
Kendal,Rathbourne,krathbourne89@paypal.com,Male,45,family,life
Lelia,Thain,lthain8a@ezinearticles.com,Female,56,domestic,funeral
Harwell,Woolpert,hwoolpert8b@scribd.com,Male,37,domestic,disability
Quincey,Cressy,qcressy8c@domainmarket.com,Male,21,family,life
Neel,Grazier,ngrazier8d@twitpic.com,Male,66,family,funeral
Olav,Dominy,odominy8e@delicious.com,Male,44,domestic,disability
Laney,Carwardine,lcarwardine8f@biglobe.ne.jp,Male,24,domestic,life
Lark,Dugald,ldugald8g@sakura.ne.jp,Female,33,family,funeral
Filip,Jorn,fjorn8h@vimeo.com,Male,22,family,disability
Holt,Probbings,hprobbings8i@sakura.ne.jp,Male,57,family,life
Jareb,Figgures,jfiggures8j@harvard.edu,Male,59,domestic,funeral
Elfreda,Prestwich,eprestwich8k@ted.com,Female,46,family,disability
Jedd,Bellringer,jbellringer8l@canalblog.com,Male,69,domestic,life
Sibylla,LeEstut,sleestut8m@bbc.co.uk,Female,59,domestic,funeral
Pacorro,St. Louis,pstlouis8n@parallels.com,Male,75,family,disability
Alf,Bissell,abissell8o@marriott.com,Male,54,domestic,life
Birk,Alwood,balwood8p@twitter.com,Male,32,domestic,funeral
Fidel,Mendoza,fmendoza8q@mysql.com,Male,29,family,disability
Quint,Bloggett,qbloggett8r@nhs.uk,Male,60,family,life
Olivie,Grob,ogrob8s@hibu.com,Female,37,family,funeral
Fenelia,Ollander,follander8t@imgur.com,Female,60,family,disability
Gib,Hanalan,ghanalan8u@ucla.edu,Male,27,family,life
Jacky,Penvarne,jpenvarne8v@nsw.gov.au,Female,49,domestic,funeral
Win,Gossop,wgossop8w@gmpg.org,Male,41,domestic,disability
Crawford,Berrigan,cberrigan8x@yolasite.com,Male,54,domestic,life
Tiffie,Aiskrigg,taiskrigg8y@t-online.de,Female,32,domestic,funeral
Ardath,Harriott,aharriott8z@angelfire.com,Female,53,family,disability
Ettie,Crumpe,ecrumpe90@hp.com,Female,66,domestic,life
Siegfried,Powlesland,spowlesland91@nymag.com,Male,39,domestic,funeral
Phineas,Hethron,phethron92@google.fr,Male,50,family,disability
Clint,Coull,ccoull93@apple.com,Male,24,family,life
Cale,Siggens,csiggens94@diigo.com,Male,33,domestic,funeral
Danita,Buckler,dbuckler95@google.com.br,Female,57,family,disability
Benny,Shatliffe,bshatliffe96@youku.com,Male,23,domestic,life
Zacharia,Shackle,zshackle97@sciencedaily.com,Male,39,domestic,funeral
Clayborne,Chewter,cchewter98@va.gov,Male,58,domestic,disability
Fionna,Lincke,flincke99@github.io,Female,54,family,life
Merrili,Wither,mwither9a@yellowbook.com,Female,39,domestic,funeral
Roxie,Philpott,rphilpott9b@51.la,Female,57,family,disability
Stephanie,Blythe,sblythe9c@blog.com,Female,64,family,life
Vin,Klaggeman,vklaggeman9d@japanpost.jp,Male,74,domestic,funeral
Corissa,Eginton,ceginton9e@amazon.de,Female,25,domestic,disability
Dorine,Hazeman,dhazeman9f@bbb.org,Female,68,domestic,life
Braden,Pottinger,bpottinger9g@youtube.com,Male,48,domestic,funeral
Kalie,Fadian,kfadian9h@tripadvisor.com,Female,57,domestic,disability
Kennie,Corneck,kcorneck9i@squarespace.com,Male,47,family,life
Lark,Pixton,lpixton9j@parallels.com,Female,75,family,funeral
Dunc,Neilson,dneilson9k@cyberchimps.com,Male,24,family,disability
Cathrin,Stopher,cstopher9l@businessinsider.com,Female,37,family,life
Magdaia,Beevors,mbeevors9m@nytimes.com,Female,30,family,funeral
Sauncho,Gomersal,sgomersal9n@auda.org.au,Male,68,domestic,disability
Dotti,Pearne,dpearne9o@admin.ch,Female,57,family,life
Starr,Ohanessian,sohanessian9p@paginegialle.it,Female,34,family,funeral
Emmott,Gowthorpe,egowthorpe9q@boston.com,Male,35,domestic,disability
Sheffield,Origin,sorigin9r@rediff.com,Male,43,domestic,life
Westbrooke,Fairholme,wfairholme9s@cafepress.com,Male,67,family,funeral
Giusto,Beaford,gbeaford9t@list-manage.com,Male,30,domestic,disability
Lorianna,MacNeish,lmacneish9u@plala.or.jp,Female,30,family,life
Roanne,Noblett,rnoblett9v@weebly.com,Female,30,family,funeral
Shoshanna,D'Onise,sdonise9w@domainmarket.com,Female,29,domestic,disability
Selia,Streatfield,sstreatfield9x@msn.com,Female,31,family,life
Stephan,Ousbie,sousbie9y@domainmarket.com,Male,57,family,funeral
Ermengarde,Elkins,eelkins9z@wufoo.com,Female,60,family,disability
April,Lovelock,alovelocka0@phpbb.com,Female,63,domestic,life
Eddy,Strewthers,estrewthersa1@gnu.org,Male,34,domestic,funeral
Florian,Coutts,fcouttsa2@addtoany.com,Male,19,domestic,disability
Octavia,Everest,oeveresta3@psu.edu,Female,21,family,life
Neill,Glitherow,nglitherowa4@blog.com,Male,41,domestic,funeral
Zane,Stollman,zstollmana5@redcross.org,Male,42,family,disability
Nelie,Latek,nlateka6@vkontakte.ru,Female,24,domestic,life
Bianca,Krzysztofiak,bkrzysztofiaka7@dailymail.co.uk,Female,64,domestic,funeral
Finley,Baythrop,fbaythropa8@google.fr,Male,24,domestic,disability
Owen,Plastow,oplastowa9@ted.com,Male,22,family,life
Ethelbert,Ebsworth,eebsworthaa@state.tx.us,Male,51,family,funeral
Annalee,Ciottoi,aciottoiab@census.gov,Female,60,family,disability
Hermine,Pitkethly,hpitkethlyac@ustream.tv,Female,56,family,life
Lynn,Murkitt,lmurkittad@goo.gl,Male,41,domestic,funeral
Emalee,Tallquist,etallquistae@google.fr,Female,51,family,disability
Faina,Sankey,fsankeyaf@xinhuanet.com,Female,60,family,life
Sonja,Neeves,sneevesag@google.cn,Female,63,domestic,funeral
Hercules,McKinie,hmckinieah@printfriendly.com,Male,30,family,disability
Joceline,Kynan,jkynanai@cloudflare.com,Female,31,family,life
Edd,Skala,eskalaaj@nsw.gov.au,Male,40,domestic,funeral
Merry,Mosdall,mmosdallak@theglobeandmail.com,Male,50,family,disability
Barde,Demogeot,bdemogeotal@xinhuanet.com,Male,68,domestic,life
Gerda,Murrigans,gmurrigansam@hexun.com,Female,22,domestic,funeral
Saudra,Dewan,sdewanan@infoseek.co.jp,Female,32,family,disability
Maggy,Haylock,mhaylockao@oaic.gov.au,Female,49,domestic,life
Gawain,Dawidowicz,gdawidowiczap@cmu.edu,Male,46,domestic,funeral
Shandeigh,Trousdale,strousdaleaq@shinystat.com,Female,58,domestic,disability
Gwenni,Haire,ghairear@domainmarket.com,Female,18,domestic,life
Cyril,Buckenham,cbuckenhamas@g.co,Male,39,domestic,funeral
Frederica,Sillett,fsillettat@huffingtonpost.com,Female,55,domestic,disability
Mahala,Keirl,mkeirlau@mac.com,Female,58,domestic,life
Jerome,Ivankovic,jivankovicav@geocities.com,Male,38,domestic,funeral
Berne,Adan,badanaw@bbb.org,Male,73,family,disability
Jeanna,Guillart,jguillartax@boston.com,Female,38,domestic,life
Umberto,Meritt,umerittay@theguardian.com,Male,64,domestic,funeral
Kati,Kayes,kkayesaz@prweb.com,Female,51,family,disability
Opal,Darbon,odarbonb0@ask.com,Female,33,family,life
Ethyl,Skiplorne,eskiplorneb1@123-reg.co.uk,Female,66,family,funeral
Darcey,Wilbore,dwilboreb2@purevolume.com,Female,58,family,disability
Obidiah,Blasio,oblasiob3@nifty.com,Male,61,family,life
Celia,Corselles,ccorsellesb4@trellian.com,Female,55,domestic,funeral
Teodora,MacCrackan,tmaccrackanb5@tmall.com,Female,60,domestic,disability
Aubert,Gribble,agribbleb6@myspace.com,Male,63,domestic,life
Janette,Burnside,jburnsideb7@fc2.com,Female,45,family,funeral
Grace,Iacovone,giacovoneb8@oaic.gov.au,Male,38,family,disability
Mamie,Purbrick,mpurbrickb9@networksolutions.com,Female,21,domestic,life
Henderson,Efford,heffordba@washingtonpost.com,Male,33,family,funeral
Francoise,Howett,fhowettbb@mapy.cz,Female,23,domestic,disability
Lutero,Zannuto,lzannutobc@phoca.cz,Male,62,domestic,life
Teressa,Dillingham,tdillinghambd@skype.com,Female,60,family,funeral
Claudie,Rendall,crendallbe@businessweek.com,Female,54,family,disability
Will,Benn,wbennbf@geocities.jp,Male,71,family,life
Deva,Chieze,dchiezebg@networkadvertising.org,Female,38,domestic,funeral
Michaella,Abramovic,mabramovicbh@vk.com,Female,25,family,disability
Dorian,Fist,dfistbi@google.ca,Female,54,domestic,life
Del,Cuel,dcuelbj@eepurl.com,Male,50,domestic,funeral
Aidan,Coale,acoalebk@stanford.edu,Female,57,domestic,disability
Elaina,Kinzett,ekinzettbl@ifeng.com,Female,59,family,life
Ferris,Guiraud,fguiraudbm@topsy.com,Male,66,family,funeral
Ashien,Pether,apetherbn@imdb.com,Female,24,domestic,disability
Uta,Melin,umelinbo@barnesandnoble.com,Female,39,domestic,life
Madelina,Hick,mhickbp@toplist.cz,Female,29,family,funeral
Demetre,Curgenuer,dcurgenuerbq@linkedin.com,Male,48,domestic,disability
Janek,Feander,jfeanderbr@tuttocitta.it,Male,55,family,life
Laughton,Iredell,liredellbs@hugedomains.com,Male,25,family,funeral
Malena,Janicijevic,mjanicijevicbt@yolasite.com,Female,57,family,disability
Goraud,Rouby,groubybu@arstechnica.com,Male,46,family,life
Leandra,Wrightem,lwrightembv@zdnet.com,Female,18,family,funeral
Devlen,Cleveley,dcleveleybw@nymag.com,Male,26,domestic,disability
Obadiah,Lippett,olippettbx@shareasale.com,Male,27,domestic,life
Alexei,Roubay,aroubayby@edublogs.org,Male,58,family,funeral
Bernhard,Behan,bbehanbz@amazonaws.com,Male,33,family,disability
Raffaello,Lammie,rlammiec0@vinaora.com,Male,51,domestic,life
Rebecka,Khomishin,rkhomishinc1@columbia.edu,Female,41,domestic,funeral
Gina,Butchart,gbutchartc2@abc.net.au,Female,26,domestic,disability
Kerri,Heppenspall,kheppenspallc3@shutterfly.com,Female,58,family,life
Chevalier,Cornels,ccornelsc4@flickr.com,Male,35,family,funeral
Kip,Dmitrievski,kdmitrievskic5@comsenz.com,Female,54,family,disability
Isabel,Iron,iironc6@va.gov,Female,73,domestic,life
My,Capron,mcapronc7@themeforest.net,Male,58,family,funeral
Sibeal,Curcher,scurcherc8@canalblog.com,Female,33,domestic,disability
Thom,Birts,tbirtsc9@baidu.com,Male,23,family,life
Graham,Whistlecroft,gwhistlecroftca@smh.com.au,Male,67,family,funeral
Abbey,Wardingly,awardinglycb@google.es,Male,29,domestic,disability
Alon,Tearle,atearlecc@liveinternet.ru,Male,41,family,life
Gerri,Spray,gspraycd@i2i.jp,Female,73,family,funeral
Paolina,Bemlott,pbemlottce@mail.ru,Female,53,domestic,disability
Barnabe,Lantry,blantrycf@imdb.com,Male,25,family,life
Esdras,Haigh,ehaighcg@independent.co.uk,Male,59,domestic,funeral
Naomi,Courtin,ncourtinch@imageshack.us,Female,72,family,disability
Wakefield,Cuttin,wcuttinci@yale.edu,Male,18,family,life
Amanda,Adamczyk,aadamczykcj@odnoklassniki.ru,Female,49,domestic,funeral
Spence,Pengelly,spengellyck@uol.com.br,Male,59,domestic,disability
Rici,Searsby,rsearsbycl@webeden.co.uk,Female,33,domestic,life
Zechariah,Trawin,ztrawincm@umn.edu,Male,47,domestic,funeral
Alexina,Bernardini,abernardinicn@sitemeter.com,Female,39,domestic,disability
Jaclin,Figurski,jfigurskico@ucla.edu,Female,43,domestic,life
Jeane,Dubique,jdubiquecp@usgs.gov,Female,22,family,funeral
Othilie,Phillpotts,ophillpottscq@theguardian.com,Female,62,domestic,disability
Martha,Galvan,mgalvancr@nature.com,Female,64,domestic,life
Victoir,Hirsthouse,vhirsthousecs@yandex.ru,Male,67,domestic,funeral
Marcello,Parsall,mparsallct@wired.com,Male,51,family,disability
Pansy,Izkovitz,pizkovitzcu@instagram.com,Female,44,domestic,life
Bogey,Goodson,bgoodsoncv@ebay.com,Male,46,family,funeral
Ceil,O'Glassane,coglassanecw@acquirethisname.com,Female,42,family,disability
Jasmine,Handes,jhandescx@youtu.be,Female,68,family,life
Earl,Williment,ewillimentcy@nba.com,Male,29,domestic,funeral
Vi,Frede,vfredecz@huffingtonpost.com,Female,53,family,disability
Phyllida,Le Huquet,plehuquetd0@de.vu,Female,18,family,life
Ty,McKernon,tmckernond1@kickstarter.com,Male,21,family,funeral
Dotty,Sigert,dsigertd2@noaa.gov,Female,22,family,disability
Sashenka,Humpatch,shumpatchd3@so-net.ne.jp,Female,22,domestic,life
Harper,Veivers,hveiversd4@google.cn,Male,52,family,funeral
Raul,Gorick,rgorickd5@desdev.cn,Male,50,family,disability
Emilio,Petrescu,epetrescud6@elpais.com,Male,71,domestic,life
Mira,Redgrave,mredgraved7@businesswire.com,Female,40,family,funeral
Mallissa,McReynolds,mmcreynoldsd8@uiuc.edu,Female,43,domestic,disability
Jacky,Padbury,jpadburyd9@sogou.com,Male,43,family,life
Elsinore,MacCostye,emaccostyeda@chron.com,Female,27,family,funeral
Allsun,Witheridge,awitheridgedb@ning.com,Female,23,family,disability
Errick,Hake,ehakedc@skyrock.com,Male,50,domestic,life
Lazare,Mazin,lmazindd@ehow.com,Male,33,domestic,funeral
Conrado,Wessel,cwesselde@hexun.com,Male,27,family,disability
Stan,Pietron,spietrondf@sciencedaily.com,Male,54,domestic,life
Kort,Ladds,kladdsdg@quantcast.com,Male,27,family,funeral
Diann,Palin,dpalindh@opera.com,Female,49,domestic,disability
Milly,Merrill,mmerrilldi@msn.com,Female,28,family,life
Artus,Bedingfield,abedingfielddj@amazon.co.uk,Male,21,family,funeral
Kayne,Beange,kbeangedk@aboutads.info,Male,42,domestic,disability
Jolie,Frissell,jfrisselldl@vistaprint.com,Female,65,family,life
Gennie,Hardage,ghardagedm@topsy.com,Female,21,family,funeral
Zebulon,Boughtwood,zboughtwooddn@biglobe.ne.jp,Male,51,family,disability
Sigfried,De Roeck,sderoeckdo@ft.com,Male,34,family,life
Beryl,Sowle,bsowledp@go.com,Female,50,family,funeral
Brand,Mulvagh,bmulvaghdq@time.com,Male,43,domestic,disability
Thekla,Summerscales,tsummerscalesdr@yale.edu,Female,46,domestic,life
Halli,Jefferd,hjefferdds@illinois.edu,Female,61,domestic,funeral
Georgie,Dyka,gdykadt@devhub.com,Male,39,family,disability
Cicily,Blackler,cblacklerdu@berkeley.edu,Female,32,domestic,life
Arden,Gettone,agettonedv@hud.gov,Female,47,domestic,funeral
Von,Gascoine,vgascoinedw@bluehost.com,Male,31,family,disability
Adam,Newnham,anewnhamdx@over-blog.com,Male,41,family,life
Chariot,Lowmass,clowmassdy@loc.gov,Male,24,domestic,funeral
York,Theurer,ytheurerdz@columbia.edu,Male,63,family,disability
Judah,Sprackling,jspracklinge0@sciencedaily.com,Male,65,family,life
Issi,Mathen,imathene1@seattletimes.com,Female,54,family,funeral
Irving,McMoyer,imcmoyere2@eventbrite.com,Male,64,domestic,disability
Claybourne,Cheesley,ccheesleye3@smh.com.au,Male,19,domestic,life
Marlo,Liff,mliffe4@theguardian.com,Female,40,family,funeral
Lemmie,Lange,llangee5@squarespace.com,Male,34,family,disability
Ingeberg,Antoney,iantoneye6@theatlantic.com,Female,51,family,life
Melisse,Darington,mdaringtone7@merriam-webster.com,Female,54,family,funeral
Chandra,Beuscher,cbeuschere8@devhub.com,Female,46,family,disability
Aubrie,Faunt,afaunte9@geocities.jp,Female,32,domestic,life
Wake,Barbara,wbarbaraea@addtoany.com,Male,67,domestic,funeral
Etheline,Gatchell,egatchelleb@csmonitor.com,Female,45,domestic,disability
Brana,Hinckesman,bhinckesmanec@linkedin.com,Female,58,domestic,life
Aindrea,Lattos,alattosed@cargocollective.com,Female,21,family,funeral
Aron,Grute,agruteee@latimes.com,Male,43,domestic,disability
Prisca,Hourican,phouricanef@drupal.org,Female,25,family,life
Weylin,Wingeatt,wwingeatteg@digg.com,Male,43,domestic,funeral
Hunfredo,Ropking,hropkingeh@cnn.com,Male,34,domestic,disability
Rubin,Hakey,rhakeyei@bloglines.com,Male,19,domestic,life
Mikey,Nelles,mnellesej@delicious.com,Male,38,domestic,funeral
Clarance,Middlebrook,cmiddlebrookek@deviantart.com,Male,68,family,disability
Fayette,Underwood,funderwoodel@go.com,Female,30,domestic,life
Renaldo,Joselson,rjoselsonem@elegantthemes.com,Male,21,family,funeral
Ron,Usborn,rusbornen@yandex.ru,Male,35,domestic,disability
Orly,Challin,ochallineo@posterous.com,Female,28,family,life
Harold,Goble,hgobleep@ow.ly,Male,21,family,funeral
Shep,Itzkin,sitzkineq@comsenz.com,Male,33,domestic,disability
Kendricks,Simione,ksimioneer@privacy.gov.au,Male,23,domestic,life
Nananne,Laurand,nlaurandes@sitemeter.com,Female,19,family,funeral
Cary,Robbeke,crobbekeet@studiopress.com,Female,34,domestic,disability
Jere,Kelloch,jkellocheu@geocities.com,Male,32,family,life
Les,Dell Casa,ldellcasaev@clickbank.net,Male,45,domestic,funeral
Eben,Bernaert,ebernaertew@pcworld.com,Male,51,domestic,disability
Ramona,Piesing,rpiesingex@prweb.com,Female,64,family,life
Moria,Zelake,mzelakeey@angelfire.com,Female,74,family,funeral
Elijah,Kellar,ekellarez@si.edu,Male,49,family,disability
Arlyn,McLarens,amclarensf0@live.com,Female,33,family,life
Candice,Dougharty,cdoughartyf1@unesco.org,Female,31,domestic,funeral
Udale,Milhench,umilhenchf2@zimbio.com,Male,67,family,disability
Dulcea,Le feaver,dlefeaverf3@hud.gov,Female,38,domestic,life
Myrilla,Edmed,medmedf4@xinhuanet.com,Female,52,family,funeral
Tudor,Avrahamov,tavrahamovf5@time.com,Male,50,family,disability
Rosemaria,McGowran,rmcgowranf6@domainmarket.com,Female,67,domestic,life
Fidel,Mickan,fmickanf7@si.edu,Male,60,domestic,funeral
Tiffani,Gravey,tgraveyf8@google.ca,Female,66,domestic,disability
Nikoletta,Bain,nbainf9@storify.com,Female,64,domestic,life
Free,Woller,fwollerfa@ow.ly,Male,22,domestic,funeral
Vanni,Crannell,vcrannellfb@nationalgeographic.com,Female,49,family,disability
Mauricio,Obee,mobeefc@etsy.com,Male,22,family,life
Lanny,Kubala,lkubalafd@admin.ch,Male,38,family,funeral
Harlin,Hunnable,hhunnablefe@imgur.com,Male,38,domestic,disability
Margarete,Simmance,msimmanceff@odnoklassniki.ru,Female,22,domestic,life
Cart,Jeanneau,cjeanneaufg@delicious.com,Male,55,family,funeral
Dudley,Du Barry,ddubarryfh@geocities.com,Male,50,domestic,disability
Granny,Lyddy,glyddyfi@forbes.com,Male,54,family,life
Peder,Filmer,pfilmerfj@jalbum.net,Male,37,domestic,funeral
Hanan,Titterton,htittertonfk@scientificamerican.com,Male,22,domestic,disability
Ambros,Vowell,avowellfl@infoseek.co.jp,Male,58,family,life
Basil,Laing,blaingfm@about.com,Male,64,domestic,funeral
Boot,Maryan,bmaryanfn@quantcast.com,Male,35,domestic,disability
Rina,Whiteman,rwhitemanfo@printfriendly.com,Female,45,domestic,life
Krishnah,Diver,kdiverfp@examiner.com,Male,72,family,funeral
Diarmid,Noel,dnoelfq@fotki.com,Male,47,family,disability
Moshe,Blatherwick,mblatherwickfr@ed.gov,Male,45,domestic,life
Sullivan,Borrowman,sborrowmanfs@xing.com,Male,33,domestic,funeral
Haywood,Vakhrushin,hvakhrushinft@ifeng.com,Male,51,domestic,disability
Bailie,Lars,blarsfu@japanpost.jp,Male,32,domestic,life
Rosalie,Blackie,rblackiefv@chronoengine.com,Female,75,domestic,funeral
Saloma,Hartley,shartleyfw@yellowpages.com,Female,65,family,disability
Cyndi,Pallent,cpallentfx@dailymotion.com,Female,46,family,life
William,Breeton,wbreetonfy@umich.edu,Male,45,domestic,funeral
Boniface,Zealander,bzealanderfz@purevolume.com,Male,19,family,disability
Felecia,O' Mara,fomarag0@miitbeian.gov.cn,Female,44,domestic,life
Lyndsie,Peoples,lpeoplesg1@twitter.com,Female,30,domestic,funeral
Delmore,Lamport,dlamportg2@narod.ru,Male,19,domestic,disability
Rorke,Reidie,rreidieg3@macromedia.com,Male,69,domestic,life
Vanya,Robjents,vrobjentsg4@live.com,Male,21,family,funeral
Adriena,Winson,awinsong5@dmoz.org,Female,54,domestic,disability
Harv,Neathway,hneathwayg6@clickbank.net,Male,29,domestic,life
Melvyn,Urwen,murweng7@cornell.edu,Male,26,domestic,funeral
Andie,Corrado,acorradog8@ehow.com,Female,68,family,disability
Langsdon,Essex,lessexg9@ucoz.com,Male,34,domestic,life
Nancy,Cashman,ncashmanga@vimeo.com,Female,36,domestic,funeral
Karla,Lissandre,klissandregb@google.com.au,Female,66,domestic,disability
Dee,Chomley,dchomleygc@github.io,Female,40,domestic,life
Cicily,Dotterill,cdotterillgd@narod.ru,Female,22,domestic,funeral
Stephen,Pettengell,spettengellge@sourceforge.net,Male,19,family,disability
Valida,Crudge,vcrudgegf@devhub.com,Female,37,family,life
Ryon,Covert,rcovertgg@wix.com,Male,52,family,funeral
Teddie,Huegett,thuegettgh@i2i.jp,Female,58,family,disability
Kent,Coady,kcoadygi@si.edu,Male,70,family,life
Gilli,Berntsson,gberntssongj@canalblog.com,Female,71,domestic,funeral
Ike,Brecknell,ibrecknellgk@statcounter.com,Male,47,domestic,disability
Bertie,Madden,bmaddengl@de.vu,Female,74,domestic,life
Ethyl,Heindle,eheindlegm@opera.com,Female,68,family,funeral
Lizzy,Mathieson,lmathiesongn@ovh.net,Female,68,domestic,disability
Carolee,Wanne,cwannego@instagram.com,Female,53,family,life
Dolli,Catley,dcatleygp@sphinn.com,Female,29,family,funeral
Clerc,Wantling,cwantlinggq@unblog.fr,Male,47,domestic,disability
Camille,Lampbrecht,clampbrechtgr@usatoday.com,Female,69,family,life
Jacqueline,Bentson,jbentsongs@comsenz.com,Female,39,family,funeral
Raquela,Plane,rplanegt@apache.org,Female,34,domestic,disability
Marji,Gullen,mgullengu@hibu.com,Female,38,family,life
Melisandra,Joseland,mjoselandgv@fastcompany.com,Female,46,domestic,funeral
Kynthia,Balaisot,kbalaisotgw@bloglines.com,Female,65,domestic,disability
Alessandra,Jones,ajonesgx@amazon.co.jp,Female,61,domestic,life
Clarita,Doddrell,cdoddrellgy@chicagotribune.com,Female,54,domestic,funeral
Nickolas,Pritty,nprittygz@delicious.com,Male,75,family,disability
Maggy,Dureden,mduredenh0@google.fr,Female,71,domestic,life
Andeee,Rothert,arotherth1@ucla.edu,Female,38,domestic,funeral
Alfie,Petrashkov,apetrashkovh2@barnesandnoble.com,Male,43,family,disability
Joeann,Broadwood,jbroadwoodh3@wsj.com,Female,60,domestic,life
Ludovico,Figura,lfigurah4@blinklist.com,Male,25,domestic,funeral
Kerri,Stother,kstotherh5@ca.gov,Female,44,family,disability
Matty,Melvin,mmelvinh6@ezinearticles.com,Male,64,domestic,life
Cosmo,Medgwick,cmedgwickh7@gov.uk,Male,49,domestic,funeral
Amara,Bunford,abunfordh8@bigcartel.com,Female,23,family,disability
Flem,Petheridge,fpetheridgeh9@wikimedia.org,Male,51,family,life
Una,Shirt,ushirtha@unc.edu,Female,67,family,funeral
Arman,Kirckman,akirckmanhb@princeton.edu,Male,65,domestic,disability
Neddie,Deavall,ndeavallhc@merriam-webster.com,Male,26,domestic,life
Margarita,Riall,mriallhd@sciencedaily.com,Female,51,family,funeral
Averill,Celand,acelandhe@deliciousdays.com,Male,19,domestic,disability
Melloney,Babinski,mbabinskihf@livejournal.com,Female,74,family,life
Rafaelita,Byforth,rbyforthhg@samsung.com,Female,62,domestic,funeral
Marleah,Currer,mcurrerhh@pen.io,Female,39,family,disability
Marijn,Van der Krui,mvanderkruihi@hostgator.com,Male,27,domestic,life
Karon,Kilbee,kkilbeehj@exblog.jp,Female,60,domestic,funeral
Farrel,Pentony,fpentonyhk@google.com.au,Male,38,family,disability
Dallis,Fountain,dfountainhl@odnoklassniki.ru,Male,65,domestic,life
Corie,Haverson,chaversonhm@go.com,Female,30,family,funeral
Noellyn,Rallinshaw,nrallinshawhn@archive.org,Female,72,domestic,disability
Damien,Chishull,dchishullho@icio.us,Male,30,domestic,life
Ivan,Ratray,iratrayhp@chron.com,Male,72,domestic,funeral
Eunice,Vasilischev,evasilischevhq@ftc.gov,Female,32,domestic,disability
Lanie,Crockett,lcrocketthr@usda.gov,Female,20,family,life
Ellene,Kleinpeltz,ekleinpeltzhs@umich.edu,Female,61,family,funeral
Isobel,Kelsall,ikelsallht@paginegialle.it,Female,35,domestic,disability
Giacinta,Hintze,ghintzehu@walmart.com,Female,40,domestic,life
Leilah,MacAdam,lmacadamhv@google.co.uk,Female,22,family,funeral
Cheston,Inott,cinotthw@hud.gov,Male,39,domestic,disability
Gerrard,O'Sherrin,gosherrinhx@usda.gov,Male,62,family,life
Curcio,Cluse,cclusehy@senate.gov,Male,35,domestic,funeral
Augustus,Fatkin,afatkinhz@topsy.com,Male,33,domestic,disability
Willette,Curee,wcureei0@about.me,Female,29,domestic,life
Zita,Andrioletti,zandriolettii1@shareasale.com,Female,44,family,funeral
Jenna,Morcom,jmorcomi2@admin.ch,Female,43,family,disability
Schuyler,Walling,swallingi3@telegraph.co.uk,Male,50,family,life
Sandro,Bengtson,sbengtsoni4@nsw.gov.au,Male,27,domestic,funeral
Ilyssa,Jonin,ijonini5@cam.ac.uk,Female,61,domestic,disability
Audie,Palle,apallei6@marriott.com,Female,59,domestic,life
Cordelia,Henric,chenrici7@mac.com,Female,73,family,funeral
Stormy,Sibbons,ssibbonsi8@ftc.gov,Female,58,family,disability
Juanita,Bockler,jbockleri9@goo.ne.jp,Female,50,family,life
Karlis,Kermannes,kkermannesia@ustream.tv,Male,57,family,funeral
Julee,Khidr,jkhidrib@imageshack.us,Female,74,family,disability
Cammi,Amort,camortic@smh.com.au,Female,51,family,life
Lilas,Aughtie,laughtieid@topsy.com,Female,33,domestic,funeral
Tommy,Lehrian,tlehrianie@home.pl,Female,46,family,disability
Devonne,McGilvra,dmcgilvraif@pinterest.com,Female,24,family,life
Romy,Dye,rdyeig@lycos.com,Female,38,domestic,funeral
Sutton,Attenburrow,sattenburrowih@go.com,Male,32,family,disability
Yale,Mapston,ymapstonii@auda.org.au,Male,33,family,life
Skye,Alleyne,salleyneij@lycos.com,Male,55,family,funeral
Adelle,Ehlerding,aehlerdingik@ihg.com,Female,40,family,disability
Starr,McKeveney,smckeveneyil@hugedomains.com,Female,18,domestic,life
Kacy,Blunkett,kblunkettim@utexas.edu,Female,63,family,funeral
Hester,Kindleysides,hkindleysidesin@geocities.com,Female,27,family,disability
Conny,Fingleton,cfingletonio@tripod.com,Female,64,domestic,life
Leann,Yeulet,lyeuletip@google.ca,Female,20,family,funeral
Buck,Petrov,bpetroviq@ebay.co.uk,Male,70,family,disability
Guillemette,Rheaume,grheaumeir@list-manage.com,Female,25,family,life
Mackenzie,Govier,mgovieris@theglobeandmail.com,Male,41,domestic,funeral
Katharyn,McKeowon,kmckeowonit@fotki.com,Female,19,domestic,disability
Jeannie,Kelbie,jkelbieiu@ning.com,Female,57,family,life
Emogene,McCutcheon,emccutcheoniv@samsung.com,Female,73,family,funeral
Lief,Meachen,lmeacheniw@purevolume.com,Male,41,family,disability
Robby,Vince,rvinceix@omniture.com,Female,61,family,life
Scott,Paskerful,spaskerfuliy@cargocollective.com,Male,39,family,funeral
Lianne,Chinnock,lchinnockiz@topsy.com,Female,25,domestic,disability
Marcellus,Brinklow,mbrinklowj0@archive.org,Male,20,domestic,life
Ingrid,Benedict,ibenedictj1@weibo.com,Female,45,domestic,funeral
Berna,Dibner,bdibnerj2@wunderground.com,Female,25,domestic,disability
Locke,Litherborough,llitherboroughj3@i2i.jp,Male,61,family,life
Sutton,Maberley,smaberleyj4@blogspot.com,Male,37,family,funeral
Roshelle,Baumaier,rbaumaierj5@cisco.com,Female,56,domestic,disability
Caldwell,Hinks,chinksj6@ca.gov,Male,37,domestic,life
Caralie,Geram,cgeramj7@sciencedirect.com,Female,54,domestic,funeral
Clemmy,Middlehurst,cmiddlehurstj8@tripod.com,Male,30,domestic,disability
Bill,Kolin,bkolinj9@chronoengine.com,Male,75,domestic,life
Edmon,Purse,epurseja@1und1.de,Male,54,family,funeral
Kenton,Wisker,kwiskerjb@theguardian.com,Male,51,family,disability
Wake,Whitham,wwhithamjc@nba.com,Male,40,family,life
Codie,Filyashin,cfilyashinjd@addthis.com,Male,38,family,funeral
Batholomew,Chasmar,bchasmarje@tumblr.com,Male,45,domestic,disability
Lock,Gartside,lgartsidejf@ebay.com,Male,74,family,life
Rad,Squibbes,rsquibbesjg@theglobeandmail.com,Male,74,family,funeral
Arnaldo,Sappell,asappelljh@ovh.net,Male,43,domestic,disability
Wyndham,Bratcher,wbratcherji@pagesperso-orange.fr,Male,56,domestic,life
Kaja,Sherwill,ksherwilljj@altervista.org,Female,56,family,funeral
Carol,Bullock,cbullockjk@guardian.co.uk,Female,29,family,disability
Parrnell,Scoyne,pscoynejl@wisc.edu,Male,20,family,life
Agneta,Coltan,acoltanjm@adobe.com,Female,36,family,funeral
Jessey,Ryhorovich,jryhorovichjn@godaddy.com,Male,75,family,disability
Faustina,Mathew,fmathewjo@amazon.de,Female,66,domestic,life
Ardeen,Brehault,abrehaultjp@delicious.com,Female,66,domestic,funeral
Derry,Sterling,dsterlingjq@bizjournals.com,Male,54,domestic,disability
Terrill,Winspurr,twinspurrjr@symantec.com,Male,74,domestic,life
Ruthanne,Hurry,rhurryjs@google.ru,Female,29,domestic,funeral
Theressa,Uren,turenjt@prnewswire.com,Female,45,domestic,disability
Barri,Ellesmere,bellesmereju@yandex.ru,Male,72,domestic,life
Maxy,Bullock,mbullockjv@adobe.com,Female,34,family,funeral
Alister,Leroux,alerouxjw@psu.edu,Male,24,family,disability
Raymund,Bowdery,rbowderyjx@linkedin.com,Male,33,family,life
Ann,Bartelli,abartellijy@godaddy.com,Female,69,domestic,funeral
Hendrick,Ingon,hingonjz@icio.us,Male,58,domestic,disability
Koral,Gunderson,kgundersonk0@princeton.edu,Female,51,family,life
Carol-jean,Bramwell,cbramwellk1@google.com.hk,Female,43,domestic,funeral
Joela,Cardenoza,jcardenozak2@infoseek.co.jp,Female,59,domestic,disability
Gilburt,Normavell,gnormavellk3@twitpic.com,Male,59,domestic,life
Rance,Proske,rproskek4@wikia.com,Male,18,family,funeral
Hermon,Hindmoor,hhindmoork5@google.ru,Male,61,domestic,disability
Maurine,Sukbhans,msukbhansk6@jalbum.net,Female,35,family,life
Tanny,Wevell,twevellk7@tmall.com,Male,33,family,funeral
Pearline,Kingaby,pkingabyk8@reference.com,Female,27,domestic,disability
Forrester,Buesnel,fbuesnelk9@qq.com,Male,38,domestic,life
Marje,Bonn,mbonnka@who.int,Female,66,domestic,funeral
Latia,Chessell,lchessellkb@unblog.fr,Female,29,family,disability
Bibi,Abercromby,babercrombykc@washingtonpost.com,Female,35,domestic,life
Hamlen,McAndrew,hmcandrewkd@google.fr,Male,22,domestic,funeral
Erina,Tomik,etomikke@amazonaws.com,Female,68,family,disability
Sindee,Hallatt,shallattkf@jigsy.com,Female,27,domestic,life
Abdel,Angrock,aangrockkg@fastcompany.com,Male,72,domestic,funeral
Arley,Palethorpe,apalethorpekh@state.tx.us,Male,27,domestic,disability
Hadleigh,Androletti,handrolettiki@ucsd.edu,Male,64,family,life
Tessy,Waycott,twaycottkj@plala.or.jp,Female,59,family,funeral
Marcelo,Ghione,mghionekk@clickbank.net,Male,37,domestic,disability
Gawain,Northway,gnorthwaykl@unc.edu,Male,50,family,life
Claiborne,Lickorish,clickorishkm@delicious.com,Male,39,domestic,funeral
Brandea,Elen,belenkn@comcast.net,Female,67,family,disability
Marilin,Elcoat,melcoatko@smugmug.com,Female,71,domestic,life
Tanney,Rozea,trozeakp@youtu.be,Male,36,family,funeral
Anna-diana,MacFarlan,amacfarlankq@addtoany.com,Female,64,family,disability
Sarah,Gumbley,sgumbleykr@amazon.com,Female,70,domestic,life
Shane,Gynni,sgynniks@chron.com,Female,20,domestic,funeral
Shermie,Quadling,squadlingkt@typepad.com,Male,52,domestic,disability
Findlay,Raitt,fraittku@geocities.com,Male,30,family,life
Ethelind,Collins,ecollinskv@weibo.com,Female,59,domestic,funeral
Dewey,McCoughan,dmccoughankw@last.fm,Male,18,family,disability
Gregg,Huckel,ghuckelkx@springer.com,Male,72,family,life
Mary,Blaver,mblaverky@blogs.com,Female,70,domestic,funeral
Elsworth,Nevins,enevinskz@sogou.com,Male,46,domestic,disability
Carny,Womack,cwomackl0@zimbio.com,Male,65,domestic,life
Valli,Gath,vgathl1@java.com,Female,52,family,funeral
Emalee,Middup,emiddupl2@ed.gov,Female,40,domestic,disability
Dane,Ormston,dormstonl3@google.ca,Male,51,domestic,life
Stavros,Bolino,sbolinol4@paginegialle.it,Male,41,family,funeral
Meg,Turner,mturnerl5@simplemachines.org,Female,32,family,disability
Hilda,Van der Mark,hvandermarkl6@canalblog.com,Female,75,domestic,life
Willetta,Espinel,wespinell7@state.tx.us,Female,44,family,funeral
Towny,Deluze,tdeluzel8@howstuffworks.com,Male,59,domestic,disability
Timmi,Smaleman,tsmalemanl9@jigsy.com,Female,64,family,life
Quinton,Scadden,qscaddenla@people.com.cn,Male,52,family,funeral
Rochette,Butchers,rbutcherslb@technorati.com,Female,55,domestic,disability
Rhetta,Canning,rcanninglc@phoca.cz,Female,31,domestic,life
Fulton,Kosiada,fkosiadald@theguardian.com,Male,31,family,funeral
Raquel,Brokenshaw,rbrokenshawle@gizmodo.com,Female,68,domestic,disability
Garey,Munson,gmunsonlf@va.gov,Male,53,domestic,life
Regan,Dregan,rdreganlg@unc.edu,Male,33,domestic,funeral
Stephen,Feldmus,sfeldmuslh@loc.gov,Male,44,domestic,disability
Man,Jakubovski,mjakubovskili@telegraph.co.uk,Male,39,domestic,life
Hamid,Allcroft,hallcroftlj@goo.gl,Male,40,family,funeral
Terry,Cathery,tcatherylk@mediafire.com,Male,22,domestic,disability
Jeane,Hanburry,jhanburryll@vk.com,Female,18,family,life
Base,Bradnock,bbradnocklm@unicef.org,Male,59,domestic,funeral
Hannie,Grunbaum,hgrunbaumln@hexun.com,Female,18,domestic,disability
Vilhelmina,Fenne,vfennelo@reference.com,Female,39,domestic,life
Gabrielle,Whymark,gwhymarklp@lulu.com,Female,28,domestic,funeral
Jerry,Shadfourth,jshadfourthlq@thetimes.co.uk,Female,45,domestic,disability
Kynthia,Lade,kladelr@accuweather.com,Female,40,family,life
Jeth,Postlewhite,jpostlewhitels@joomla.org,Male,54,domestic,funeral
Aksel,Groven,agrovenlt@friendfeed.com,Male,45,domestic,disability
Rebekah,Benkhe,rbenkhelu@ox.ac.uk,Female,26,family,life
Jori,Roby,jrobylv@economist.com,Female,19,family,funeral
Normie,Bartke,nbartkelw@github.com,Male,74,domestic,disability
Alana,Topp,atopplx@skyrock.com,Female,35,domestic,life
Sylvan,Woolmington,swoolmingtonly@usa.gov,Male,41,domestic,funeral
Pall,Danilowicz,pdanilowiczlz@mit.edu,Male,60,family,disability
Walden,Mugg,wmuggm0@goodreads.com,Male,74,domestic,life
Cheslie,Whorall,cwhorallm1@oracle.com,Female,44,family,funeral
Carlye,Schimpke,cschimpkem2@youtube.com,Female,33,family,disability
Pammie,McGilleghole,pmcgillegholem3@answers.com,Female,37,domestic,life
Linnea,Entwisle,lentwislem4@deliciousdays.com,Female,36,domestic,funeral
Cordelie,Stallard,cstallardm5@google.it,Female,41,domestic,disability
Greggory,Jukubczak,gjukubczakm6@mac.com,Male,53,domestic,life
Avrit,Roset,arosetm7@4shared.com,Female,24,domestic,funeral
Horacio,Brunskill,hbrunskillm8@aboutads.info,Male,73,domestic,disability
Deva,Morley,dmorleym9@forbes.com,Female,57,domestic,life
Delores,Baggott,dbaggottma@psu.edu,Female,29,domestic,funeral
Jenine,Sandal,jsandalmb@paginegialle.it,Female,50,family,disability
Rori,Arlidge,rarlidgemc@ucsd.edu,Female,62,family,life
Maxwell,Digwood,mdigwoodmd@engadget.com,Male,66,family,funeral
Zondra,Easby,zeasbyme@telegraph.co.uk,Female,62,family,disability
Georgianne,Stair,gstairmf@photobucket.com,Female,50,family,life
El,Culcheth,eculchethmg@webmd.com,Male,32,family,funeral
Dode,Wolfendell,dwolfendellmh@dailymail.co.uk,Female,65,domestic,disability
Jaclin,Martill,jmartillmi@i2i.jp,Female,18,family,life
Gannon,Bocking,gbockingmj@google.co.uk,Male,35,family,funeral
Conan,Rohlfing,crohlfingmk@reddit.com,Male,75,domestic,disability
Skippy,Clutten,scluttenml@patch.com,Male,24,family,life
Melantha,Rockcliffe,mrockcliffemm@berkeley.edu,Female,44,domestic,funeral
Helen-elizabeth,Simonassi,hsimonassimn@histats.com,Female,73,family,disability
Demetri,Coyish,dcoyishmo@bizjournals.com,Male,23,family,life
Karolina,Eggerton,keggertonmp@fc2.com,Female,66,domestic,funeral
Corinna,Garthshore,cgarthshoremq@fc2.com,Female,49,family,disability
Aron,Ipplett,aipplettmr@yolasite.com,Male,44,family,life
Noby,Matushenko,nmatushenkoms@flickr.com,Male,34,family,funeral
Beatrice,Purchall,bpurchallmt@patch.com,Female,41,domestic,disability
Sheffield,Doram,sdorammu@istockphoto.com,Male,43,domestic,life
Morrie,Heaslip,mheaslipmv@illinois.edu,Male,43,domestic,funeral
Gabriella,Brownett,gbrownettmw@wikipedia.org,Female,44,domestic,disability
Vernen,Woodes,vwoodesmx@umich.edu,Male,51,domestic,life
Libby,Piggins,lpigginsmy@1688.com,Female,42,domestic,funeral
Hamish,Yezafovich,hyezafovichmz@google.com.hk,Male,57,family,disability
Georgie,Cawthry,gcawthryn0@slashdot.org,Female,44,family,life
Meghann,Ritmeyer,mritmeyern1@ted.com,Female,52,domestic,funeral
Alejandrina,Reeken,areekenn2@pbs.org,Female,67,family,disability
Wait,Scotchbourouge,wscotchbourougen3@stumbleupon.com,Male,47,domestic,life
Corrianne,Ferrino,cferrinon4@bbb.org,Female,37,family,funeral
Myles,Guillford,mguillfordn5@mediafire.com,Male,33,family,disability
Nani,Rimour,nrimourn6@archive.org,Female,25,family,life
Ase,Folland,afollandn7@bbc.co.uk,Male,42,domestic,funeral
Dorian,Cosgrove,dcosgroven8@seattletimes.com,Male,18,domestic,disability
George,Defraine,gdefrainen9@storify.com,Female,74,domestic,life
Domenic,Oneill,doneillna@globo.com,Male,48,family,funeral
Claire,Bielefeld,cbielefeldnb@ibm.com,Female,43,family,disability
Kermit,Flecknell,kflecknellnc@abc.net.au,Male,53,family,life
Derby,Swanne,dswannend@sciencedirect.com,Male,36,domestic,funeral
Melonie,Sotheron,msotheronne@goodreads.com,Female,67,family,disability
Stuart,Winterflood,swinterfloodnf@seesaa.net,Male,72,domestic,life
Gayel,Szwandt,gszwandtng@comcast.net,Female,26,family,funeral
Carolina,Stivani,cstivaninh@edublogs.org,Female,45,family,disability
Nariko,Kleinbaum,nkleinbaumni@xrea.com,Female,61,domestic,life
Phineas,Longhorn,plonghornnj@intel.com,Male,73,family,funeral
Paule,Stroobant,pstroobantnk@storify.com,Female,58,domestic,disability
Augustin,MacCorley,amaccorleynl@barnesandnoble.com,Male,30,family,life
Rafi,Goshawke,rgoshawkenm@github.com,Male,59,domestic,funeral
Wynnie,Tuffin,wtuffinnn@usda.gov,Female,42,family,disability
Archibaldo,Naulty,anaultyno@pagesperso-orange.fr,Male,70,domestic,life
Hollis,Carlill,hcarlillnp@samsung.com,Male,42,family,funeral
Carley,Beavon,cbeavonnq@shareasale.com,Female,71,domestic,disability
Leopold,Bambrugh,lbambrughnr@purevolume.com,Male,60,family,life
Phillida,Tupie,ptupiens@vistaprint.com,Female,72,domestic,funeral
Maureene,Firbank,mfirbanknt@infoseek.co.jp,Female,62,domestic,disability
Kimball,Leathers,kleathersnu@arstechnica.com,Male,55,domestic,life
Myrle,Heaseman,mheasemannv@craigslist.org,Female,46,family,funeral
Mikey,Duckfield,mduckfieldnw@bloglines.com,Male,21,domestic,disability
Frankie,Yaknov,fyaknovnx@kickstarter.com,Male,45,domestic,life
Darryl,Alwood,dalwoodny@odnoklassniki.ru,Male,48,family,funeral
Ashton,Studman,astudmannz@time.com,Male,71,family,disability
Morty,Syms,msymso0@icio.us,Male,22,domestic,life
Brigit,Haly,bhalyo1@bloglovin.com,Female,61,domestic,funeral
Avivah,Ablewhite,aablewhiteo2@tumblr.com,Female,42,domestic,disability
Jorgan,Balsellie,jbalsellieo3@prweb.com,Male,73,family,life
Justine,Storton,jstortono4@twitter.com,Female,53,family,funeral
Selig,Stilling,sstillingo5@guardian.co.uk,Male,22,domestic,disability
Ashlen,Gunnell,agunnello6@icq.com,Female,39,domestic,life
Karlene,Sankey,ksankeyo7@state.gov,Female,69,domestic,funeral
Bealle,Prier,bpriero8@newsvine.com,Male,40,domestic,disability
Juliann,Malinson,jmalinsono9@sfgate.com,Female,45,domestic,life
Tracey,Rittmeyer,trittmeyeroa@dailymail.co.uk,Female,33,domestic,funeral
Farah,Hathaway,fhathawayob@dion.ne.jp,Female,50,domestic,disability
Victoir,Grammer,vgrammeroc@kickstarter.com,Male,61,domestic,life
Fidel,Stuke,fstukeod@cam.ac.uk,Male,35,domestic,funeral
Dorry,Salman,dsalmanoe@meetup.com,Female,20,family,disability
Yancey,Gantz,ygantzof@ovh.net,Male,53,family,life
Vernor,Lazar,vlazarog@rambler.ru,Male,20,family,funeral
Clio,Doge,cdogeoh@1688.com,Female,60,domestic,disability
Audy,Baldi,abaldioi@pinterest.com,Female,75,domestic,life
Ellerey,Bolino,ebolinooj@storify.com,Male,56,family,funeral
Sandie,Gowling,sgowlingok@gmpg.org,Female,56,family,disability
Sal,Kassel,skasselol@jigsy.com,Female,31,family,life
Sully,Breitler,sbreitlerom@economist.com,Male,55,domestic,funeral
Maure,De Nisco,mdeniscoon@dell.com,Female,51,family,disability
Nicolai,Cockram,ncockramoo@jalbum.net,Male,45,family,life
Padriac,Yearby,pyearbyop@cisco.com,Male,24,domestic,funeral
Yvette,Legan,yleganoq@shop-pro.jp,Female,75,family,disability
Leah,Tether,ltetheror@jimdo.com,Female,58,family,life
Fin,Ungerechts,fungerechtsos@comcast.net,Male,68,family,funeral
Jeramie,Spawell,jspawellot@sphinn.com,Male,69,family,disability
Artemus,Dafter,adafterou@youtube.com,Male,53,family,life
Nicki,Clackers,nclackersov@cdc.gov,Female,59,family,funeral
Parke,Wase,pwaseow@si.edu,Male,29,family,disability
Ebba,Heyns,eheynsox@unesco.org,Female,56,family,life
Gamaliel,Fyfield,gfyfieldoy@miitbeian.gov.cn,Male,33,domestic,funeral
Elroy,Golder,egolderoz@rakuten.co.jp,Male,50,domestic,disability
Fredericka,Gauden,fgaudenp0@seesaa.net,Female,67,domestic,life
Gwenni,Lafuente,glafuentep1@diigo.com,Female,47,family,funeral
Fairlie,Brookz,fbrookzp2@artisteer.com,Male,70,family,disability
Petey,Silverman,psilvermanp3@epa.gov,Male,73,domestic,life
Britt,Luter,bluterp4@mayoclinic.com,Male,38,family,funeral
Jodee,Chitham,jchithamp5@rakuten.co.jp,Female,28,family,disability
Ofilia,Lugsdin,olugsdinp6@issuu.com,Female,23,domestic,life
Vilma,Darwen,vdarwenp7@reverbnation.com,Female,63,family,funeral
Ivy,Charter,icharterp8@mozilla.org,Female,40,domestic,disability
Bethena,Dutnell,bdutnellp9@qq.com,Female,61,family,life
Fernandina,Hiley,fhileypa@cpanel.net,Female,42,domestic,funeral
Hedvig,Hallatt,hhallattpb@utexas.edu,Female,26,domestic,disability
Beverley,Flatt,bflattpc@indiatimes.com,Female,28,domestic,life
Philis,Bedbrough,pbedbroughpd@miibeian.gov.cn,Female,71,family,funeral
Irena,Gwin,igwinpe@skyrock.com,Female,53,family,disability
Brear,Teaze,bteazepf@de.vu,Female,47,domestic,life
Edwina,Becks,ebeckspg@acquirethisname.com,Female,72,domestic,funeral
Dyanna,Josselsohn,djosselsohnph@jimdo.com,Female,33,family,disability
Kendall,Halwill,khalwillpi@wunderground.com,Male,59,domestic,life
Bevin,Phillot,bphillotpj@yellowbook.com,Male,48,domestic,funeral
Valenka,McPartling,vmcpartlingpk@whitehouse.gov,Female,60,domestic,disability
Dory,Cheel,dcheelpl@japanpost.jp,Male,42,family,life
Mitchael,McReynolds,mmcreynoldspm@cpanel.net,Male,31,domestic,funeral
Marthena,Yusupov,myusupovpn@independent.co.uk,Female,63,family,disability
Luci,Catcherside,lcatchersidepo@washingtonpost.com,Female,65,family,life
Cristionna,Zaniolini,czaniolinipp@ustream.tv,Female,65,domestic,funeral
Bond,Utteridge,butteridgepq@drupal.org,Male,75,family,disability
Danette,Perico,dpericopr@mediafire.com,Female,27,family,life
Vivienne,Teaze,vteazeps@unc.edu,Female,20,family,funeral
Kati,Ioselevich,kioselevichpt@rediff.com,Female,52,domestic,disability
Chelsy,Hefferan,chefferanpu@uiuc.edu,Female,52,family,life
Daffi,Ingall,dingallpv@edublogs.org,Female,26,family,funeral
Maddalena,Morit,mmoritpw@nhs.uk,Female,40,domestic,disability
Frazier,Lenahan,flenahanpx@hatena.ne.jp,Male,62,domestic,life
Harv,Iffland,hifflandpy@msn.com,Male,71,family,funeral
Jacquelynn,Stapford,jstapfordpz@hc360.com,Female,53,family,disability
Bradan,Rawsthorne,brawsthorneq0@mozilla.org,Male,26,domestic,life
Goraud,Mallabar,gmallabarq1@smh.com.au,Male,29,family,funeral
Nat,Munford,nmunfordq2@cnn.com,Female,68,domestic,disability
Gardy,McGhee,gmcgheeq3@deliciousdays.com,Male,58,domestic,life
Carolus,Spain-Gower,cspaingowerq4@aol.com,Male,41,domestic,funeral
Anatole,Ezzell,aezzellq5@paypal.com,Male,43,family,disability
Natasha,Craighill,ncraighillq6@ed.gov,Female,27,family,life
Ulrike,Dirand,udirandq7@umn.edu,Female,63,family,funeral
Hervey,Dall,hdallq8@wunderground.com,Male,56,domestic,disability
Lynette,MacDearmont,lmacdearmontq9@merriam-webster.com,Female,64,domestic,life
Kaiser,Plaid,kplaidqa@csmonitor.com,Male,54,domestic,funeral
Jarad,Simonite,jsimoniteqb@bbb.org,Male,62,domestic,disability
Barnard,Axtonne,baxtonneqc@blog.com,Male,43,family,life
Randi,Oldknow,roldknowqd@nps.gov,Female,36,domestic,funeral
Denice,Shyre,dshyreqe@admin.ch,Female,20,family,disability
Hodge,Clue,hclueqf@shop-pro.jp,Male,50,domestic,life
Janey,Matyas,jmatyasqg@addtoany.com,Female,26,domestic,funeral
Sarene,Sudworth,ssudworthqh@myspace.com,Female,55,domestic,disability
Keenan,Mityashev,kmityashevqi@ted.com,Male,66,domestic,life
Emmet,Blondell,eblondellqj@house.gov,Male,55,family,funeral
Hughie,Upex,hupexqk@behance.net,Male,64,domestic,disability
Alexandrina,Hamblington,ahamblingtonql@alexa.com,Female,73,family,life
Rickard,Dorning,rdorningqm@huffingtonpost.com,Male,71,family,funeral
Theadora,Brookbank,tbrookbankqn@latimes.com,Female,75,family,disability
Haze,Rupke,hrupkeqo@sohu.com,Male,49,domestic,life
Gerrie,Rosewall,grosewallqp@webeden.co.uk,Male,66,domestic,funeral
Pansie,Munkley,pmunkleyqq@reference.com,Female,22,domestic,disability
Filia,Gault,fgaultqr@whitehouse.gov,Female,24,domestic,life
Derry,Bernhart,dbernhartqs@hugedomains.com,Male,36,domestic,funeral
Hilary,Sambrok,hsambrokqt@imageshack.us,Male,42,domestic,disability
Bertina,Marty,bmartyqu@vimeo.com,Female,53,domestic,life
Inigo,Vipan,ivipanqv@joomla.org,Male,63,domestic,funeral
Norby,Scorah,nscorahqw@senate.gov,Male,69,domestic,disability
Vaughan,Coveley,vcoveleyqx@constantcontact.com,Male,34,family,life
Marita,Stanmore,mstanmoreqy@tmall.com,Female,34,family,funeral
Bernita,Goodier,bgoodierqz@free.fr,Female,57,domestic,disability
Andrea,Blockwell,ablockwellr0@sbwire.com,Male,46,domestic,life
Kenna,Sabater,ksabaterr1@canalblog.com,Female,28,family,funeral
Lazaro,Restieaux,lrestieauxr2@scientificamerican.com,Male,43,domestic,disability
Thacher,Maltster,tmaltsterr3@yahoo.com,Male,21,family,life
Lea,Weildish,lweildishr4@scientificamerican.com,Female,36,family,funeral
Thorndike,Marwick,tmarwickr5@clickbank.net,Male,33,family,disability
Bernice,Inkin,binkinr6@wsj.com,Female,23,domestic,life
Catharina,Gleader,cgleaderr7@netscape.com,Female,56,domestic,funeral
Orsola,Littlefield,olittlefieldr8@usa.gov,Female,71,family,disability
Madlin,Epelett,mepelettr9@google.it,Female,21,domestic,life
Nissie,Peter,npeterra@chicagotribune.com,Female,41,family,funeral
Ephraim,Crookshanks,ecrookshanksrb@tripadvisor.com,Male,67,family,disability
Salomi,Arndtsen,sarndtsenrc@noaa.gov,Female,22,domestic,life
Wilmette,Audenis,waudenisrd@dailymotion.com,Female,29,domestic,funeral
Jamesy,Farens,jfarensre@de.vu,Male,22,domestic,disability
Tine,Byre,tbyrerf@seattletimes.com,Female,64,domestic,life
Blakeley,Faye,bfayerg@census.gov,Female,57,domestic,funeral
Jedediah,Vinnick,jvinnickrh@google.co.jp,Male,27,domestic,disability
Glenda,Kaufman,gkaufmanri@dailymail.co.uk,Female,73,domestic,life
Brian,Matthews,bmatthewsrj@reverbnation.com,Male,26,domestic,funeral
Prisca,Weeks,pweeksrk@ning.com,Female,42,domestic,disability
Terry,Castiglio,tcastigliorl@accuweather.com,Female,28,family,life
Malva,Firminger,mfirmingerrm@altervista.org,Female,18,family,funeral
Lorine,Mutter,lmutterrn@newsvine.com,Female,72,domestic,disability
Fannie,Emblem,femblemro@com.com,Female,70,domestic,life
Kariotta,Gionettitti,kgionettittirp@walmart.com,Female,44,domestic,funeral
Halie,Barde,hbarderq@i2i.jp,Female,21,family,disability
Germana,Fforde,gfforderr@nba.com,Female,19,family,life
